timestamp,temp_c,util_pct,sm_mhz,mem_mhz,power_w,throttle
2026/06/28 22:02:54.256, 54, 89 %, 3210 MHz, 15598 MHz, 241.86 W, 0x0000000000000000
2026/06/28 22:02:59.388, 53, 80 %, 3210 MHz, 15598 MHz, 235.25 W, 0x0000000000000000
2026/06/28 22:03:04.492, 49, 70 %, 3217 MHz, 15598 MHz, 222.29 W, 0x0000000000000000
2026/06/28 22:03:09.567, 52, 71 %, 3210 MHz, 15598 MHz, 234.07 W, 0x0000000000000000
2026/06/28 22:03:14.652, 51, 72 %, 3210 MHz, 15598 MHz, 232.89 W, 0x0000000000000000
2026/06/28 22:03:19.751, 52, 76 %, 3210 MHz, 15598 MHz, 223.59 W, 0x0000000000000000
2026/06/28 22:03:24.852, 57, 92 %, 3202 MHz, 15598 MHz, 265.28 W, 0x0000000000000000
2026/06/28 22:03:29.925, 57, 97 %, 3210 MHz, 15598 MHz, 265.04 W, 0x0000000000000000
2026/06/28 22:03:34.990, 54, 83 %, 3210 MHz, 15598 MHz, 264.03 W, 0x0000000000000000
2026/06/28 22:03:40.096, 55, 81 %, 3210 MHz, 15598 MHz, 255.26 W, 0x0000000000000000
2026/06/28 22:03:45.223, 56, 85 %, 3210 MHz, 15598 MHz, 260.47 W, 0x0000000000000000
2026/06/28 22:03:50.373, 48, 48 %, 3217 MHz, 15598 MHz, 197.88 W, 0x0000000000000000
2026/06/28 22:03:55.463, 58, 97 %, 3202 MHz, 15598 MHz, 253.26 W, 0x0000000000000000
2026/06/28 22:04:00.560, 54, 77 %, 3210 MHz, 15598 MHz, 251.19 W, 0x0000000000000000
2026/06/28 22:04:05.682, 55, 92 %, 3210 MHz, 15598 MHz, 252.50 W, 0x0000000000000000
2026/06/28 22:04:10.804, 56, 94 %, 3210 MHz, 15598 MHz, 250.97 W, 0x0000000000000000
2026/06/28 22:04:15.920, 55, 81 %, 3202 MHz, 15598 MHz, 229.55 W, 0x0000000000000000
2026/06/28 22:04:21.015, 57, 90 %, 3210 MHz, 15598 MHz, 254.70 W, 0x0000000000000000
2026/06/28 22:04:26.108, 55, 82 %, 3210 MHz, 15598 MHz, 241.84 W, 0x0000000000000000
2026/06/28 22:04:31.205, 56, 88 %, 3210 MHz, 15598 MHz, 257.54 W, 0x0000000000000000
2026/06/28 22:04:36.354, 55, 78 %, 3202 MHz, 15598 MHz, 239.79 W, 0x0000000000000000
2026/06/28 22:04:41.487, 52, 69 %, 3202 MHz, 15598 MHz, 219.48 W, 0x0000000000000000
2026/06/28 22:04:46.590, 50, 67 %, 3202 MHz, 15598 MHz, 214.92 W, 0x0000000000000000
2026/06/28 22:04:51.690, 52, 72 %, 3202 MHz, 15598 MHz, 222.32 W, 0x0000000000000000
2026/06/28 22:04:56.784, 56, 71 %, 3202 MHz, 15598 MHz, 218.68 W, 0x0000000000000000
2026/06/28 22:05:01.900, 54, 70 %, 3202 MHz, 15598 MHz, 221.67 W, 0x0000000000000000
2026/06/28 22:05:07.038, 55, 71 %, 3202 MHz, 15598 MHz, 225.86 W, 0x0000000000000000
2026/06/28 22:05:12.138, 55, 79 %, 3202 MHz, 15598 MHz, 224.33 W, 0x0000000000000000
2026/06/28 22:05:17.227, 55, 72 %, 3202 MHz, 15598 MHz, 217.27 W, 0x0000000000000000
2026/06/28 22:05:22.345, 54, 68 %, 3202 MHz, 15598 MHz, 227.25 W, 0x0000000000000000
2026/06/28 22:05:27.432, 55, 70 %, 3202 MHz, 15598 MHz, 218.77 W, 0x0000000000000000
2026/06/28 22:05:32.542, 54, 78 %, 3202 MHz, 15598 MHz, 229.15 W, 0x0000000000000000
2026/06/28 22:05:37.633, 54, 75 %, 3202 MHz, 15598 MHz, 213.49 W, 0x0000000000000000
2026/06/28 22:05:42.744, 56, 76 %, 3202 MHz, 15598 MHz, 222.30 W, 0x0000000000000000
2026/06/28 22:05:47.841, 55, 69 %, 3202 MHz, 15598 MHz, 222.66 W, 0x0000000000000000
2026/06/28 22:05:52.950, 54, 76 %, 3202 MHz, 15598 MHz, 217.34 W, 0x0000000000000000
2026/06/28 22:05:58.065, 54, 69 %, 3210 MHz, 15598 MHz, 221.65 W, 0x0000000000000000
2026/06/28 22:06:03.157, 55, 73 %, 3202 MHz, 15598 MHz, 232.07 W, 0x0000000000000000
2026/06/28 22:06:08.277, 56, 78 %, 3202 MHz, 15598 MHz, 222.38 W, 0x0000000000000000
2026/06/28 22:06:13.382, 52, 61 %, 3202 MHz, 15598 MHz, 213.81 W, 0x0000000000000000
2026/06/28 22:06:18.504, 57, 80 %, 3202 MHz, 15598 MHz, 210.36 W, 0x0000000000000000
2026/06/28 22:06:23.633, 55, 72 %, 3202 MHz, 15598 MHz, 224.24 W, 0x0000000000000000
2026/06/28 22:06:28.774, 54, 78 %, 3202 MHz, 15598 MHz, 208.25 W, 0x0000000000000000
2026/06/28 22:06:33.902, 56, 68 %, 3202 MHz, 15598 MHz, 222.65 W, 0x0000000000000000
2026/06/28 22:06:39.027, 55, 76 %, 3202 MHz, 15598 MHz, 216.47 W, 0x0000000000000000
2026/06/28 22:06:44.116, 53, 65 %, 3202 MHz, 15598 MHz, 216.85 W, 0x0000000000000000
2026/06/28 22:06:49.308, 53, 66 %, 3210 MHz, 15598 MHz, 211.54 W, 0x0000000000000000
2026/06/28 22:06:54.445, 53, 69 %, 3202 MHz, 15598 MHz, 210.43 W, 0x0000000000000000
2026/06/28 22:06:59.551, 55, 63 %, 3210 MHz, 15598 MHz, 210.84 W, 0x0000000000000000
2026/06/28 22:07:04.649, 55, 70 %, 3210 MHz, 15598 MHz, 208.16 W, 0x0000000000000000
2026/06/28 22:07:09.768, 57, 75 %, 3202 MHz, 15598 MHz, 210.65 W, 0x0000000000000000
2026/06/28 22:07:14.920, 54, 73 %, 3202 MHz, 15598 MHz, 208.30 W, 0x0000000000000000
2026/06/28 22:07:20.038, 58, 80 %, 3202 MHz, 15598 MHz, 231.45 W, 0x0000000000000000
2026/06/28 22:07:25.134, 58, 88 %, 3210 MHz, 15598 MHz, 253.93 W, 0x0000000000000000
2026/06/28 22:07:30.260, 58, 84 %, 3202 MHz, 15598 MHz, 258.26 W, 0x0000000000000000
2026/06/28 22:07:35.366, 58, 92 %, 3202 MHz, 15598 MHz, 269.16 W, 0x0000000000000000
2026/06/28 22:07:40.475, 57, 84 %, 3202 MHz, 15598 MHz, 245.82 W, 0x0000000000000000
2026/06/28 22:07:45.576, 57, 93 %, 3202 MHz, 15598 MHz, 250.05 W, 0x0000000000000000
2026/06/28 22:07:50.702, 55, 79 %, 3202 MHz, 15598 MHz, 255.76 W, 0x0000000000000000
2026/06/28 22:07:55.778, 58, 97 %, 3210 MHz, 15598 MHz, 262.52 W, 0x0000000000000000
2026/06/28 22:08:00.933, 55, 92 %, 3210 MHz, 15598 MHz, 251.83 W, 0x0000000000000000
2026/06/28 22:08:06.063, 54, 86 %, 3210 MHz, 15598 MHz, 242.06 W, 0x0000000000000000
2026/06/28 22:08:11.161, 53, 84 %, 3210 MHz, 15598 MHz, 253.68 W, 0x0000000000000000
2026/06/28 22:08:16.285, 57, 97 %, 3210 MHz, 15598 MHz, 242.62 W, 0x0000000000000000
2026/06/28 22:08:21.440, 56, 86 %, 3210 MHz, 15598 MHz, 235.60 W, 0x0000000000000000
2026/06/28 22:08:26.514, 56, 95 %, 3210 MHz, 15598 MHz, 243.08 W, 0x0000000000000000
2026/06/28 22:08:31.610, 59, 97 %, 3210 MHz, 15598 MHz, 258.53 W, 0x0000000000000000
2026/06/28 22:08:36.732, 56, 91 %, 3210 MHz, 15598 MHz, 253.94 W, 0x0000000000000000
2026/06/28 22:08:41.895, 55, 83 %, 3210 MHz, 15598 MHz, 238.93 W, 0x0000000000000000
2026/06/28 22:08:47.010, 53, 70 %, 3210 MHz, 15598 MHz, 212.38 W, 0x0000000000000000
2026/06/28 22:08:52.106, 50, 69 %, 3210 MHz, 15598 MHz, 192.31 W, 0x0000000000000000
2026/06/28 22:08:57.189, 55, 84 %, 3202 MHz, 15598 MHz, 229.25 W, 0x0000000000000000
2026/06/28 22:09:02.285, 56, 91 %, 3202 MHz, 15598 MHz, 249.15 W, 0x0000000000000000
2026/06/28 22:09:07.416, 58, 97 %, 3202 MHz, 15598 MHz, 259.13 W, 0x0000000000000000
2026/06/28 22:09:12.530, 57, 88 %, 3202 MHz, 15598 MHz, 231.32 W, 0x0000000000000000
2026/06/28 22:09:17.612, 60, 97 %, 3195 MHz, 15598 MHz, 291.69 W, 0x0000000000000000
2026/06/28 22:09:22.692, 56, 97 %, 3202 MHz, 15598 MHz, 291.35 W, 0x0000000000000000
2026/06/28 22:09:27.759, 56, 97 %, 3195 MHz, 15598 MHz, 292.72 W, 0x0000000000000000
2026/06/28 22:09:32.831, 60, 97 %, 3180 MHz, 15598 MHz, 325.73 W, 0x0000000000000000
2026/06/28 22:09:37.911, 57, 97 %, 3187 MHz, 15598 MHz, 307.01 W, 0x0000000000000000
2026/06/28 22:09:42.983, 58, 97 %, 3187 MHz, 15598 MHz, 303.46 W, 0x0000000000000000
2026/06/28 22:09:48.048, 59, 97 %, 3187 MHz, 15598 MHz, 314.01 W, 0x0000000000000000
2026/06/28 22:09:53.112, 58, 97 %, 3187 MHz, 15598 MHz, 312.80 W, 0x0000000000000000
2026/06/28 22:09:58.186, 57, 97 %, 3187 MHz, 15598 MHz, 320.39 W, 0x0000000000000000
2026/06/28 22:10:03.250, 60, 97 %, 3180 MHz, 15598 MHz, 321.98 W, 0x0000000000000000
2026/06/28 22:10:08.311, 59, 97 %, 3187 MHz, 15598 MHz, 312.48 W, 0x0000000000000000
2026/06/28 22:10:13.376, 59, 97 %, 3187 MHz, 15598 MHz, 321.16 W, 0x0000000000000000
2026/06/28 22:10:18.433, 57, 97 %, 3195 MHz, 15598 MHz, 289.82 W, 0x0000000000000000
2026/06/28 22:10:23.492, 51, 77 %, 3195 MHz, 15598 MHz, 291.66 W, 0x0000000000000000
2026/06/28 22:10:28.575, 55, 97 %, 3202 MHz, 15598 MHz, 282.50 W, 0x0000000000000000
2026/06/28 22:10:33.650, 56, 97 %, 3195 MHz, 15598 MHz, 283.46 W, 0x0000000000000000
2026/06/28 22:10:38.709, 56, 98 %, 3195 MHz, 15598 MHz, 294.62 W, 0x0000000000000000
2026/06/28 22:10:43.773, 55, 97 %, 3210 MHz, 15598 MHz, 170.85 W, 0x0000000000000000
2026/06/28 22:10:48.839, 58, 97 %, 3195 MHz, 15598 MHz, 300.35 W, 0x0000000000000000
2026/06/28 22:10:53.896, 59, 97 %, 3195 MHz, 15598 MHz, 304.48 W, 0x0000000000000000
2026/06/28 22:10:58.960, 59, 97 %, 3195 MHz, 15598 MHz, 305.03 W, 0x0000000000000000
2026/06/28 22:11:04.024, 58, 97 %, 3195 MHz, 15598 MHz, 304.98 W, 0x0000000000000000
2026/06/28 22:11:09.095, 58, 97 %, 3195 MHz, 15598 MHz, 304.71 W, 0x0000000000000000
2026/06/28 22:11:14.162, 57, 97 %, 3195 MHz, 15598 MHz, 305.14 W, 0x0000000000000000
2026/06/28 22:11:19.224, 57, 97 %, 3195 MHz, 15598 MHz, 305.35 W, 0x0000000000000000
2026/06/28 22:11:24.287, 58, 97 %, 3195 MHz, 15598 MHz, 305.36 W, 0x0000000000000000
2026/06/28 22:11:29.343, 58, 97 %, 3195 MHz, 15598 MHz, 305.24 W, 0x0000000000000000
2026/06/28 22:11:34.400, 58, 97 %, 3195 MHz, 15598 MHz, 304.63 W, 0x0000000000000000
2026/06/28 22:11:39.464, 58, 97 %, 3195 MHz, 15598 MHz, 304.96 W, 0x0000000000000000
2026/06/28 22:11:44.527, 56, 97 %, 3195 MHz, 15598 MHz, 304.45 W, 0x0000000000000000
2026/06/28 22:11:49.614, 57, 97 %, 3195 MHz, 15598 MHz, 303.86 W, 0x0000000000000000
2026/06/28 22:11:54.673, 56, 97 %, 3202 MHz, 15598 MHz, 291.73 W, 0x0000000000000000
2026/06/28 22:11:59.733, 56, 87 %, 3202 MHz, 15598 MHz, 276.68 W, 0x0000000000000000
2026/06/28 22:12:04.802, 56, 91 %, 3202 MHz, 15598 MHz, 286.88 W, 0x0000000000000000
2026/06/28 22:12:09.867, 57, 96 %, 3202 MHz, 15598 MHz, 287.77 W, 0x0000000000000000
2026/06/28 22:12:14.936, 58, 95 %, 3202 MHz, 15598 MHz, 293.84 W, 0x0000000000000000
2026/06/28 22:12:20.005, 57, 94 %, 3202 MHz, 15598 MHz, 295.07 W, 0x0000000000000000
2026/06/28 22:12:25.064, 53, 68 %, 3202 MHz, 15598 MHz, 268.89 W, 0x0000000000000000
2026/06/28 22:12:30.124, 54, 74 %, 3202 MHz, 15598 MHz, 224.69 W, 0x0000000000000000
2026/06/28 22:12:35.192, 58, 83 %, 3202 MHz, 15598 MHz, 271.58 W, 0x0000000000000000
2026/06/28 22:12:40.253, 56, 81 %, 3202 MHz, 15598 MHz, 265.78 W, 0x0000000000000000
2026/06/28 22:12:45.320, 58, 89 %, 3202 MHz, 15598 MHz, 282.02 W, 0x0000000000000000
2026/06/28 22:12:50.383, 58, 94 %, 3202 MHz, 15598 MHz, 289.27 W, 0x0000000000000000
2026/06/28 22:12:55.445, 57, 94 %, 3202 MHz, 15598 MHz, 300.44 W, 0x0000000000000000
2026/06/28 22:13:00.531, 56, 90 %, 3202 MHz, 15598 MHz, 286.13 W, 0x0000000000000000
2026/06/28 22:13:05.597, 59, 98 %, 3202 MHz, 15598 MHz, 304.15 W, 0x0000000000000000
2026/06/28 22:13:10.657, 58, 98 %, 3202 MHz, 15598 MHz, 302.48 W, 0x0000000000000000
2026/06/28 22:13:15.742, 59, 98 %, 3202 MHz, 15598 MHz, 302.85 W, 0x0000000000000000
2026/06/28 22:13:20.811, 59, 98 %, 3202 MHz, 15598 MHz, 301.54 W, 0x0000000000000000
2026/06/28 22:13:25.873, 58, 98 %, 3202 MHz, 15598 MHz, 295.80 W, 0x0000000000000000
2026/06/28 22:13:30.941, 57, 97 %, 3202 MHz, 15598 MHz, 292.03 W, 0x0000000000000000
2026/06/28 22:13:35.998, 58, 98 %, 3202 MHz, 15598 MHz, 291.02 W, 0x0000000000000000
2026/06/28 22:13:41.058, 57, 98 %, 3202 MHz, 15598 MHz, 302.85 W, 0x0000000000000000
2026/06/28 22:13:46.121, 57, 98 %, 3202 MHz, 15598 MHz, 293.83 W, 0x0000000000000000
2026/06/28 22:13:51.208, 58, 98 %, 3202 MHz, 15598 MHz, 302.53 W, 0x0000000000000000
2026/06/28 22:13:56.271, 58, 98 %, 3195 MHz, 15598 MHz, 302.96 W, 0x0000000000000000
2026/06/28 22:14:01.340, 57, 98 %, 3202 MHz, 15598 MHz, 294.45 W, 0x0000000000000000
2026/06/28 22:14:06.411, 58, 97 %, 3202 MHz, 15598 MHz, 301.02 W, 0x0000000000000000
2026/06/28 22:14:11.482, 57, 98 %, 3195 MHz, 15598 MHz, 300.10 W, 0x0000000000000000
2026/06/28 22:14:16.549, 58, 98 %, 3202 MHz, 15598 MHz, 299.07 W, 0x0000000000000000
2026/06/28 22:14:21.614, 58, 98 %, 3202 MHz, 15598 MHz, 299.77 W, 0x0000000000000000
2026/06/28 22:14:26.675, 58, 98 %, 3202 MHz, 15598 MHz, 299.12 W, 0x0000000000000000
2026/06/28 22:14:31.736, 57, 98 %, 3202 MHz, 15598 MHz, 299.58 W, 0x0000000000000000
2026/06/28 22:14:36.795, 59, 98 %, 3195 MHz, 15598 MHz, 306.13 W, 0x0000000000000000
2026/06/28 22:14:41.853, 57, 98 %, 3195 MHz, 15598 MHz, 316.30 W, 0x0000000000000000
2026/06/28 22:14:46.914, 57, 98 %, 3202 MHz, 15598 MHz, 302.58 W, 0x0000000000000000
2026/06/28 22:14:51.982, 57, 98 %, 3202 MHz, 15598 MHz, 302.27 W, 0x0000000000000000
2026/06/28 22:14:57.036, 57, 98 %, 3202 MHz, 15598 MHz, 301.30 W, 0x0000000000000000
2026/06/28 22:15:02.115, 59, 97 %, 3195 MHz, 15598 MHz, 318.18 W, 0x0000000000000000
2026/06/28 22:15:07.183, 57, 97 %, 3187 MHz, 15598 MHz, 319.66 W, 0x0000000000000000
2026/06/28 22:15:12.252, 58, 98 %, 3202 MHz, 15598 MHz, 301.39 W, 0x0000000000000000
2026/06/28 22:15:17.313, 57, 98 %, 3202 MHz, 15598 MHz, 301.59 W, 0x0000000000000000
2026/06/28 22:15:22.374, 58, 97 %, 3195 MHz, 15598 MHz, 318.40 W, 0x0000000000000000
2026/06/28 22:15:27.432, 57, 97 %, 3202 MHz, 15598 MHz, 299.15 W, 0x0000000000000000
2026/06/28 22:15:32.498, 57, 96 %, 3195 MHz, 15598 MHz, 315.56 W, 0x0000000000000000
2026/06/28 22:15:37.574, 58, 97 %, 3195 MHz, 15598 MHz, 317.91 W, 0x0000000000000000
2026/06/28 22:15:42.643, 58, 98 %, 3202 MHz, 15598 MHz, 296.21 W, 0x0000000000000000
2026/06/28 22:15:47.713, 58, 98 %, 3202 MHz, 15598 MHz, 296.40 W, 0x0000000000000000
2026/06/28 22:15:52.774, 56, 98 %, 3202 MHz, 15598 MHz, 295.53 W, 0x0000000000000000
2026/06/28 22:15:57.835, 56, 98 %, 3202 MHz, 15598 MHz, 296.27 W, 0x0000000000000000
2026/06/28 22:16:02.907, 56, 98 %, 3202 MHz, 15598 MHz, 296.39 W, 0x0000000000000000
2026/06/28 22:16:07.972, 57, 98 %, 3202 MHz, 15598 MHz, 290.70 W, 0x0000000000000000
2026/06/28 22:16:13.036, 57, 98 %, 3195 MHz, 15598 MHz, 295.84 W, 0x0000000000000000
2026/06/28 22:16:18.108, 58, 98 %, 3202 MHz, 15598 MHz, 289.80 W, 0x0000000000000000
2026/06/28 22:16:23.167, 56, 98 %, 3202 MHz, 15598 MHz, 296.35 W, 0x0000000000000000
2026/06/28 22:16:28.230, 57, 98 %, 3202 MHz, 15598 MHz, 297.10 W, 0x0000000000000000
2026/06/28 22:16:33.302, 52, 80 %, 3202 MHz, 15598 MHz, 242.55 W, 0x0000000000000000
2026/06/28 22:16:38.380, 54, 96 %, 3202 MHz, 15598 MHz, 247.79 W, 0x0000000000000000
2026/06/28 22:16:43.466, 55, 84 %, 3202 MHz, 15598 MHz, 239.82 W, 0x0000000000000000
2026/06/28 22:16:48.548, 54, 85 %, 3202 MHz, 15598 MHz, 257.79 W, 0x0000000000000000
2026/06/28 22:16:53.626, 55, 72 %, 3195 MHz, 15598 MHz, 252.63 W, 0x0000000000000000
2026/06/28 22:16:58.715, 56, 87 %, 3195 MHz, 15598 MHz, 264.56 W, 0x0000000000000000
2026/06/28 22:17:03.796, 57, 83 %, 3195 MHz, 15598 MHz, 278.32 W, 0x0000000000000000
2026/06/28 22:17:08.872, 56, 91 %, 3195 MHz, 15598 MHz, 262.93 W, 0x0000000000000000
2026/06/28 22:17:13.937, 58, 97 %, 3202 MHz, 15598 MHz, 291.75 W, 0x0000000000000000
2026/06/28 22:17:19.000, 57, 93 %, 3195 MHz, 15598 MHz, 269.01 W, 0x0000000000000000
2026/06/28 22:17:24.066, 57, 93 %, 3202 MHz, 15598 MHz, 286.82 W, 0x0000000000000000
2026/06/28 22:17:29.133, 58, 98 %, 3202 MHz, 15598 MHz, 298.23 W, 0x0000000000000000
2026/06/28 22:17:34.213, 56, 86 %, 3195 MHz, 15598 MHz, 278.25 W, 0x0000000000000000
2026/06/28 22:17:39.295, 57, 85 %, 3195 MHz, 15598 MHz, 251.11 W, 0x0000000000000000
2026/06/28 22:17:44.372, 56, 81 %, 3195 MHz, 15598 MHz, 244.78 W, 0x0000000000000000
2026/06/28 22:17:49.453, 56, 83 %, 3195 MHz, 15598 MHz, 258.58 W, 0x0000000000000000
2026/06/28 22:17:54.517, 58, 97 %, 3202 MHz, 15598 MHz, 295.76 W, 0x0000000000000000
2026/06/28 22:17:59.595, 57, 97 %, 3202 MHz, 15598 MHz, 275.62 W, 0x0000000000000000
2026/06/28 22:18:04.666, 58, 98 %, 3202 MHz, 15598 MHz, 293.60 W, 0x0000000000000000
2026/06/28 22:18:09.743, 57, 84 %, 3195 MHz, 15598 MHz, 266.93 W, 0x0000000000000000
2026/06/28 22:18:14.826, 58, 89 %, 3195 MHz, 15598 MHz, 287.18 W, 0x0000000000000000
2026/06/28 22:18:19.902, 59, 98 %, 3195 MHz, 15598 MHz, 292.52 W, 0x0000000000000000
2026/06/28 22:18:24.979, 57, 97 %, 3202 MHz, 15598 MHz, 282.90 W, 0x0000000000000000
2026/06/28 22:18:30.056, 58, 98 %, 3195 MHz, 15598 MHz, 289.01 W, 0x0000000000000000
2026/06/28 22:18:35.116, 57, 98 %, 3195 MHz, 15598 MHz, 282.66 W, 0x0000000000000000
2026/06/28 22:18:40.197, 57, 93 %, 3195 MHz, 15598 MHz, 280.01 W, 0x0000000000000000
--- logger resumed 23:18:33 ---
2026/06/28 23:18:33.962, 57, 98 %, 3202 MHz, 15598 MHz, 297.02 W, 0x0000000000000000
2026/06/28 23:18:39.025, 58, 98 %, 3202 MHz, 15598 MHz, 299.77 W, 0x0000000000000000
2026/06/28 23:18:44.093, 53, 91 %, 3202 MHz, 15598 MHz, 290.25 W, 0x0000000000000000
2026/06/28 23:18:49.158, 57, 98 %, 3202 MHz, 15598 MHz, 295.79 W, 0x0000000000000000
2026/06/28 23:18:54.216, 56, 98 %, 3202 MHz, 15598 MHz, 293.21 W, 0x0000000000000000
2026/06/28 23:18:59.278, 57, 98 %, 3202 MHz, 15598 MHz, 294.82 W, 0x0000000000000000
2026/06/28 23:19:04.364, 57, 98 %, 3202 MHz, 15598 MHz, 297.91 W, 0x0000000000000000
2026/06/28 23:19:09.428, 57, 98 %, 3202 MHz, 15598 MHz, 296.64 W, 0x0000000000000000
2026/06/28 23:19:14.485, 57, 97 %, 3202 MHz, 15598 MHz, 293.50 W, 0x0000000000000000
2026/06/28 23:19:19.545, 58, 96 %, 3202 MHz, 15598 MHz, 283.01 W, 0x0000000000000000
2026/06/28 23:19:24.613, 57, 96 %, 3202 MHz, 15598 MHz, 290.10 W, 0x0000000000000000
2026/06/28 23:19:29.678, 58, 95 %, 3195 MHz, 15598 MHz, 296.37 W, 0x0000000000000000
2026/06/28 23:19:34.740, 57, 96 %, 3202 MHz, 15598 MHz, 278.62 W, 0x0000000000000000
2026/06/28 23:19:39.810, 55, 97 %, 3202 MHz, 15598 MHz, 268.25 W, 0x0000000000000000
2026/06/28 23:19:44.871, 56, 98 %, 3202 MHz, 15598 MHz, 285.79 W, 0x0000000000000000
2026/06/28 23:19:49.937, 55, 98 %, 3202 MHz, 15598 MHz, 271.76 W, 0x0000000000000000
2026/06/28 23:19:54.993, 55, 97 %, 3202 MHz, 15598 MHz, 279.50 W, 0x0000000000000000
2026/06/28 23:20:00.063, 56, 96 %, 3202 MHz, 15598 MHz, 280.00 W, 0x0000000000000000
2026/06/28 23:20:05.127, 56, 93 %, 3202 MHz, 15598 MHz, 269.20 W, 0x0000000000000000
2026/06/28 23:20:10.200, 56, 95 %, 3195 MHz, 15598 MHz, 288.98 W, 0x0000000000000000
2026/06/28 23:20:15.269, 57, 93 %, 3202 MHz, 15598 MHz, 280.62 W, 0x0000000000000000
2026/06/28 23:20:20.325, 56, 80 %, 3202 MHz, 15598 MHz, 266.14 W, 0x0000000000000000
2026/06/28 23:20:25.386, 57, 93 %, 3202 MHz, 15598 MHz, 277.63 W, 0x0000000000000000
2026/06/28 23:20:30.441, 56, 92 %, 3202 MHz, 15598 MHz, 274.33 W, 0x0000000000000000
2026/06/28 23:20:35.497, 58, 98 %, 3202 MHz, 15598 MHz, 289.15 W, 0x0000000000000000
2026/06/28 23:20:40.562, 57, 96 %, 3202 MHz, 15598 MHz, 282.84 W, 0x0000000000000000
2026/06/28 23:20:45.634, 56, 98 %, 3202 MHz, 15598 MHz, 278.96 W, 0x0000000000000000
2026/06/28 23:20:50.697, 59, 96 %, 3195 MHz, 15598 MHz, 297.12 W, 0x0000000000000000
2026/06/28 23:20:55.762, 58, 97 %, 3202 MHz, 15598 MHz, 298.84 W, 0x0000000000000000
2026/06/28 23:21:00.822, 57, 93 %, 3195 MHz, 15598 MHz, 302.30 W, 0x0000000000000000
2026/06/28 23:21:05.897, 56, 91 %, 3195 MHz, 15598 MHz, 266.72 W, 0x0000000000000000
2026/06/28 23:21:10.963, 56, 95 %, 3195 MHz, 15598 MHz, 275.84 W, 0x0000000000000000
2026/06/28 23:21:16.022, 57, 97 %, 3202 MHz, 15598 MHz, 288.66 W, 0x0000000000000000
2026/06/28 23:21:21.082, 56, 95 %, 3187 MHz, 15598 MHz, 286.22 W, 0x0000000000000000
2026/06/28 23:21:26.148, 56, 89 %, 3195 MHz, 15598 MHz, 276.22 W, 0x0000000000000000
2026/06/28 23:21:31.208, 56, 92 %, 3202 MHz, 15598 MHz, 283.47 W, 0x0000000000000000
2026/06/28 23:21:36.280, 56, 97 %, 3202 MHz, 15598 MHz, 285.71 W, 0x0000000000000000
2026/06/28 23:21:41.356, 56, 97 %, 3202 MHz, 15598 MHz, 284.91 W, 0x0000000000000000
2026/06/28 23:21:46.421, 57, 88 %, 3202 MHz, 15598 MHz, 284.99 W, 0x0000000000000000
2026/06/28 23:21:51.480, 56, 98 %, 3202 MHz, 15598 MHz, 273.20 W, 0x0000000000000000
2026/06/28 23:21:56.537, 54, 80 %, 3202 MHz, 15598 MHz, 257.35 W, 0x0000000000000000
2026/06/28 23:22:01.603, 57, 96 %, 3195 MHz, 15598 MHz, 290.21 W, 0x0000000000000000
2026/06/28 23:22:06.667, 57, 88 %, 3195 MHz, 15598 MHz, 273.37 W, 0x0000000000000000
2026/06/28 23:22:11.748, 58, 97 %, 3202 MHz, 15598 MHz, 286.39 W, 0x0000000000000000
2026/06/28 23:22:16.812, 58, 98 %, 3202 MHz, 15598 MHz, 291.21 W, 0x0000000000000000
2026/06/28 23:22:21.867, 58, 98 %, 3202 MHz, 15598 MHz, 294.30 W, 0x0000000000000000
2026/06/28 23:22:26.930, 59, 98 %, 3202 MHz, 15598 MHz, 297.25 W, 0x0000000000000000
2026/06/28 23:22:31.989, 58, 98 %, 3202 MHz, 15598 MHz, 299.16 W, 0x0000000000000000
2026/06/28 23:22:37.047, 59, 98 %, 3202 MHz, 15598 MHz, 299.19 W, 0x0000000000000000
2026/06/28 23:22:42.108, 57, 97 %, 3202 MHz, 15598 MHz, 291.08 W, 0x0000000000000000
2026/06/28 23:22:47.176, 57, 97 %, 3202 MHz, 15598 MHz, 292.20 W, 0x0000000000000000
2026/06/28 23:22:52.257, 57, 95 %, 3202 MHz, 15598 MHz, 277.67 W, 0x0000000000000000
2026/06/28 23:22:57.319, 58, 97 %, 3202 MHz, 15598 MHz, 283.54 W, 0x0000000000000000
2026/06/28 23:23:02.374, 56, 97 %, 3202 MHz, 15598 MHz, 285.97 W, 0x0000000000000000
2026/06/28 23:23:07.431, 54, 97 %, 3202 MHz, 15598 MHz, 292.00 W, 0x0000000000000000
2026/06/28 23:23:12.484, 56, 97 %, 3202 MHz, 15598 MHz, 291.70 W, 0x0000000000000000
2026/06/28 23:23:17.541, 53, 88 %, 3202 MHz, 15598 MHz, 284.41 W, 0x0000000000000000
2026/06/28 23:23:22.596, 55, 95 %, 3202 MHz, 15598 MHz, 291.60 W, 0x0000000000000000
2026/06/28 23:23:27.665, 55, 98 %, 3202 MHz, 15598 MHz, 284.32 W, 0x0000000000000000
2026/06/28 23:23:32.727, 56, 97 %, 3202 MHz, 15598 MHz, 288.25 W, 0x0000000000000000
2026/06/28 23:23:37.787, 54, 94 %, 3202 MHz, 15598 MHz, 269.16 W, 0x0000000000000000
2026/06/28 23:23:42.848, 55, 95 %, 3195 MHz, 15598 MHz, 279.05 W, 0x0000000000000000
2026/06/28 23:23:47.912, 56, 96 %, 3202 MHz, 15598 MHz, 268.98 W, 0x0000000000000000
2026/06/28 23:23:52.972, 55, 95 %, 3202 MHz, 15598 MHz, 276.99 W, 0x0000000000000000
2026/06/28 23:23:58.046, 56, 88 %, 3210 MHz, 15598 MHz, 265.13 W, 0x0000000000000000
2026/06/28 23:24:03.111, 54, 85 %, 3210 MHz, 15598 MHz, 265.64 W, 0x0000000000000000
2026/06/28 23:24:08.171, 56, 98 %, 3202 MHz, 15598 MHz, 269.58 W, 0x0000000000000000
2026/06/28 23:24:13.235, 56, 96 %, 3202 MHz, 15598 MHz, 278.04 W, 0x0000000000000000
2026/06/28 23:24:18.294, 56, 93 %, 3202 MHz, 15598 MHz, 273.77 W, 0x0000000000000000
2026/06/28 23:24:23.359, 58, 97 %, 3202 MHz, 15598 MHz, 267.37 W, 0x0000000000000000
2026/06/28 23:24:28.428, 55, 89 %, 3202 MHz, 15598 MHz, 273.23 W, 0x0000000000000000
2026/06/28 23:24:33.485, 55, 95 %, 3202 MHz, 15598 MHz, 268.01 W, 0x0000000000000000
2026/06/28 23:24:38.539, 57, 97 %, 3202 MHz, 15598 MHz, 268.39 W, 0x0000000000000000
2026/06/28 23:24:43.707, 54, 78 %, 3210 MHz, 15598 MHz, 206.65 W, 0x0000000000000000
2026/06/28 23:24:48.819, 48, 33 %, 3217 MHz, 15598 MHz, 195.06 W, 0x0000000000000000
2026/06/28 23:24:53.885, 53, 68 %, 3217 MHz, 15598 MHz, 183.45 W, 0x0000000000000000
2026/06/28 23:24:58.957, 48, 35 %, 3232 MHz, 15598 MHz, 181.96 W, 0x0000000000000000
2026/06/28 23:25:04.075, 47, 26 %, 3225 MHz, 15598 MHz, 208.67 W, 0x0000000000000000
2026/06/28 23:25:09.191, 56, 92 %, 3202 MHz, 15598 MHz, 210.77 W, 0x0000000000000000
2026/06/28 23:25:14.290, 48, 26 %, 3225 MHz, 15598 MHz, 211.62 W, 0x0000000000000000
2026/06/28 23:25:19.376, 55, 65 %, 3210 MHz, 15598 MHz, 233.63 W, 0x0000000000000000
2026/06/28 23:25:24.484, 53, 77 %, 3210 MHz, 15598 MHz, 204.65 W, 0x0000000000000000
2026/06/28 23:25:29.562, 51, 53 %, 3225 MHz, 15598 MHz, 194.88 W, 0x0000000000000000
2026/06/28 23:25:34.639, 52, 73 %, 3217 MHz, 15598 MHz, 186.89 W, 0x0000000000000000
2026/06/28 23:25:39.729, 48, 46 %, 3232 MHz, 15598 MHz, 167.32 W, 0x0000000000000000
2026/06/28 23:25:44.819, 50, 44 %, 3217 MHz, 15598 MHz, 167.68 W, 0x0000000000000000
2026/06/28 23:25:49.918, 52, 61 %, 3225 MHz, 15598 MHz, 177.83 W, 0x0000000000000000
2026/06/28 23:25:55.012, 49, 35 %, 3225 MHz, 15598 MHz, 172.10 W, 0x0000000000000000
2026/06/28 23:26:00.124, 51, 51 %, 3217 MHz, 15598 MHz, 205.55 W, 0x0000000000000000
2026/06/28 23:26:05.202, 53, 72 %, 3210 MHz, 15598 MHz, 206.85 W, 0x0000000000000000
2026/06/28 23:26:10.291, 53, 61 %, 3210 MHz, 15598 MHz, 179.72 W, 0x0000000000000000
2026/06/28 23:26:15.365, 50, 53 %, 3232 MHz, 15598 MHz, 194.53 W, 0x0000000000000000
2026/06/28 23:26:20.477, 53, 70 %, 3217 MHz, 15598 MHz, 196.07 W, 0x0000000000000000
2026/06/28 23:26:25.557, 53, 60 %, 3217 MHz, 15598 MHz, 189.48 W, 0x0000000000000000
2026/06/28 23:26:30.676, 52, 58 %, 3202 MHz, 15598 MHz, 205.01 W, 0x0000000000000000
2026/06/28 23:26:35.841, 50, 46 %, 3210 MHz, 15598 MHz, 189.23 W, 0x0000000000000000
2026/06/28 23:26:40.919, 48, 34 %, 3225 MHz, 15598 MHz, 189.49 W, 0x0000000000000000
2026/06/28 23:26:45.998, 59, 97 %, 3195 MHz, 15598 MHz, 302.94 W, 0x0000000000000000
2026/06/28 23:26:51.062, 58, 95 %, 3202 MHz, 15598 MHz, 273.36 W, 0x0000000000000000
2026/06/28 23:26:56.148, 57, 67 %, 3202 MHz, 15598 MHz, 284.68 W, 0x0000000000000000
2026/06/28 23:27:01.232, 49, 26 %, 3217 MHz, 15598 MHz, 194.80 W, 0x0000000000000000
2026/06/28 23:27:06.384, 53, 68 %, 3225 MHz, 15598 MHz, 181.49 W, 0x0000000000000000
2026/06/28 23:27:11.486, 48, 35 %, 3225 MHz, 15598 MHz, 162.30 W, 0x0000000000000000
2026/06/28 23:27:16.545, 53, 59 %, 3225 MHz, 15598 MHz, 187.41 W, 0x0000000000000000
2026/06/28 23:27:21.657, 47, 35 %, 2985 MHz, 15598 MHz, 100.25 W, 0x0000000000000000
2026/06/28 23:27:26.752, 53, 64 %, 3225 MHz, 15598 MHz, 238.46 W, 0x0000000000000000
2026/06/28 23:27:31.825, 51, 36 %, 3210 MHz, 15598 MHz, 248.31 W, 0x0000000000000000
2026/06/28 23:27:36.971, 57, 84 %, 3210 MHz, 15598 MHz, 256.64 W, 0x0000000000000000
2026/06/28 23:27:42.083, 57, 88 %, 3217 MHz, 15598 MHz, 255.77 W, 0x0000000000000000
2026/06/28 23:27:47.227, 58, 90 %, 3202 MHz, 15598 MHz, 239.65 W, 0x0000000000000000
2026/06/28 23:27:52.310, 57, 76 %, 3217 MHz, 15598 MHz, 244.17 W, 0x0000000000000000
2026/06/28 23:27:57.375, 51, 31 %, 3210 MHz, 15598 MHz, 240.75 W, 0x0000000000000000
2026/06/28 23:28:02.451, 51, 42 %, 3165 MHz, 15598 MHz, 120.39 W, 0x0000000000000000
2026/06/28 23:28:07.540, 45, 23 %, 3232 MHz, 15598 MHz, 87.27 W, 0x0000000000000000
2026/06/28 23:28:12.629, 51, 48 %, 3217 MHz, 15598 MHz, 152.18 W, 0x0000000000000000
2026/06/28 23:28:17.728, 49, 36 %, 3165 MHz, 15598 MHz, 125.05 W, 0x0000000000000000
2026/06/28 23:28:22.803, 46, 1 %, 3217 MHz, 15598 MHz, 191.29 W, 0x0000000000000000
2026/06/28 23:28:27.896, 53, 61 %, 3210 MHz, 15598 MHz, 216.00 W, 0x0000000000000000
2026/06/28 23:28:33.010, 48, 38 %, 3225 MHz, 15598 MHz, 162.39 W, 0x0000000000000000
2026/06/28 23:28:38.067, 52, 54 %, 3210 MHz, 15598 MHz, 214.44 W, 0x0000000000000000
2026/06/28 23:28:43.149, 54, 53 %, 3210 MHz, 15598 MHz, 219.24 W, 0x0000000000000000
